//CAR
INSERT INTO Car (Car_ID, jsonstr) VALUES ('CAR001', '{"Name": "Avante", "Type": "Sedan", "Option": "B"}');
INSERT INTO Car (Car_ID, jsonstr) VALUES ('CAR001', '{"Name": "Avante", "Type": "Sedan", "Option": "P"}');
INSERT INTO Car (Car_ID, jsonstr) VALUES ('CAR002', '{"Name": "Sonata", "Type": "Sedan", "Option": "B"}');
INSERT INTO Car (Car_ID, jsonstr) VALUES ('CAR002', '{"Name": "Sonata", "Type": "Sedan", "Option": "P"}');
INSERT INTO Car (Car_ID, jsonstr) VALUES ('CAR003', '{"Name": "Grandeur", "Type": "Sedan", "Option": "B"}');
INSERT INTO Car (Car_ID, jsonstr) VALUES ('CAR003', '{"Name": "Grandeur", "Type": "Sedan", "Option": "P"}');
INSERT INTO Car (Car_ID, jsonstr) VALUES ('CAR004', '{"Name": "G70", "Type": "Sedan", "Option": "B"}');
INSERT INTO Car (Car_ID, jsonstr) VALUES ('CAR004', '{"Name": "G70", "Type": "Sedan", "Option": "P"}');
INSERT INTO Car (Car_ID, jsonstr) VALUES ('CAR005', '{"Name": "G80", "Type": "Sedan", "Option": "B"}');
INSERT INTO Car (Car_ID, jsonstr) VALUES ('CAR005', '{"Name": "G80", "Type": "Sedan", "Option": "P"}');
INSERT INTO Car (Car_ID, jsonstr) VALUES ('CAR006', '{"Name": "G90", "Type": "Sedan", "Option": "B"}');
INSERT INTO Car (Car_ID, jsonstr) VALUES ('CAR006', '{"Name": "G90", "Type": "Sedan", "Option": "P"}');
INSERT INTO Car (Car_ID, jsonstr) VALUES ('CAR007', '{"Name": "Palisade", "Type": "SUV", "Option": "B"}');
INSERT INTO Car (Car_ID, jsonstr) VALUES ('CAR007', '{"Name": "Palisade", "Type": "SUV", "Option": "P"}');
INSERT INTO Car (Car_ID, jsonstr) VALUES ('CAR008', '{"Name": "Tucson", "Type": "SUV", "Option": "B"}');
INSERT INTO Car (Car_ID, jsonstr) VALUES ('CAR008', '{"Name": "Tucson", "Type": "SUV", "Option": "P"}');
INSERT INTO Car (Car_ID, jsonstr) VALUES ('CAR009', '{"Name": "Venue", "Type": "SUV", "Option": "B"}');
INSERT INTO Car (Car_ID, jsonstr) VALUES ('CAR009', '{"Name": "Venue", "Type": "SUV", "Option": "P"}');
INSERT INTO Car (Car_ID, jsonstr) VALUES ('CAR010', '{"Name": "Kona", "Type": "SUV", "Option": "B"}');
INSERT INTO Car (Car_ID, jsonstr) VALUES ('CAR010', '{"Name": "Kona", "Type": "SUV", "Option": "P"}');
INSERT INTO Car (Car_ID, jsonstr) VALUES ('CAR011', '{"Name": "Santa Fe", "Type": "SUV", "Option": "B"}');
INSERT INTO Car (Car_ID, jsonstr) VALUES ('CAR011', '{"Name": "Santa Fe", "Type": "SUV", "Option": "P"}');
INSERT INTO Car (Car_ID, jsonstr) VALUES ('CAR012', '{"Name": "GV70", "Type": "SUV", "Option": "B"}');
INSERT INTO Car (Car_ID, jsonstr) VALUES ('CAR012', '{"Name": "GV70", "Type": "SUV", "Option": "P"}');
INSERT INTO Car (Car_ID, jsonstr) VALUES ('CAR013', '{"Name": "GV80", "Type": "SUV", "Option": "B"}');
INSERT INTO Car (Car_ID, jsonstr) VALUES ('CAR013', '{"Name": "GV80", "Type": "SUV", "Option": "P"}');
INSERT INTO Car (Car_ID, jsonstr) VALUES ('CAR014', '{"Name": "Staria", "Type": "Compact", "Option": "B"}');
INSERT INTO Car (Car_ID, jsonstr) VALUES ('CAR014', '{"Name": "Staria", "Type": "Compact", "Option": "P"}');
INSERT INTO Car (Car_ID, jsonstr) VALUES ('CAR015', '{"Name": "GV60", "Type": "Electric", "Option": "B"}');
INSERT INTO Car (Car_ID, jsonstr) VALUES ('CAR015', '{"Name": "GV60", "Type": "Electric", "Option": "P"}');
INSERT INTO Car (Car_ID, jsonstr) VALUES ('CAR016', '{"Name": "Ioniq 6", "Type": "Electric", "Option": "B"}');
INSERT INTO Car (Car_ID, jsonstr) VALUES ('CAR016', '{"Name": "Ioniq 6", "Type": "Electric", "Option": "P"}');
INSERT INTO Car (Car_ID, jsonstr) VALUES ('CAR017', '{"Name": "Ioniq 5", "Type": "Electric", "Option": "B"}');
INSERT INTO Car (Car_ID, jsonstr) VALUES ('CAR017', '{"Name": "Ioniq 5", "Type": "Electric", "Option": "P"}');



//Employee
INSERT INTO Employee (Emp_ID, jsonstr) VALUES ('E001', '{"Emp_Name": "박민수", "Email_Address": "employee1@hyundai.com", "Emp_Pwd": "1111", "Emp_Phone": "010-5555-1001", "Position": "부장", "Branch_ID": "'B01'"}');
INSERT INTO Employee (Emp_ID, jsonstr) VALUES ('E002', '{"Emp_Name": "한지훈", "Email_Address": "employee2@hyundai.com", "Emp_Pwd": "2222", "Emp_Phone": "010-5555-1002", "Position": "차장", "Branch_ID": "'B01'"}');
INSERT INTO Employee (Emp_ID, jsonstr) VALUES ('E003', '{"Emp_Name": "이수민", "Email_Address": "employee3@hyundai.com", "Emp_Pwd": "3333", "Emp_Phone": "010-5555-1003", "Position": "과장", "Branch_ID": "'B01'"}');
INSERT INTO Employee (Emp_ID, jsonstr) VALUES ('E004', '{"Emp_Name": "김정우", "Email_Address": "employee4@hyundai.com", "Emp_Pwd": "4444", "Emp_Phone": "010-5555-1004", "Position": "과장", "Branch_ID": "'B01'"}');
INSERT INTO Employee (Emp_ID, jsonstr) VALUES ('E005', '{"Emp_Name": "송현지", "Email_Address": "employee5@hyundai.com", "Emp_Pwd": "5555", "Emp_Phone": "010-5555-1005", "Position": "대리", "Branch_ID": "'B01'"}');
INSERT INTO Employee (Emp_ID, jsonstr) VALUES ('E006', '{"Emp_Name": "최동훈", "Email_Address": "employee6@hyundai.com", "Emp_Pwd": "6666", "Emp_Phone": "010-5555-1006", "Position": "대리", "Branch_ID": "'B01'"}');
INSERT INTO Employee (Emp_ID, jsonstr) VALUES ('E007', '{"Emp_Name": "서하연", "Email_Address": "employee7@hyundai.com", "Emp_Pwd": "7777", "Emp_Phone": "010-5555-1007", "Position": "주임", "Branch_ID": "'B01'"}');
INSERT INTO Employee (Emp_ID, jsonstr) VALUES ('E008', '{"Emp_Name": "강민혁", "Email_Address": "employee8@hyundai.com", "Emp_Pwd": "8888", "Emp_Phone": "010-5555-1008", "Position": "주임", "Branch_ID": "'B01'"}');
INSERT INTO Employee (Emp_ID, jsonstr) VALUES ('E009', '{"Emp_Name": "윤지수", "Email_Address": "employee9@hyundai.com", "Emp_Pwd": "9999", "Emp_Phone": "010-5555-1009", "Position": "사원", "Branch_ID": "'B01'"}');
INSERT INTO Employee (Emp_ID, jsonstr) VALUES ('E010', '{"Emp_Name": "배진우", "Email_Address": "employee10@hyundai.com", "Emp_Pwd": "1010", "Emp_Phone": "010-5555-1010", "Position": "차장", "Branch_ID": "'B02'"}');
INSERT INTO Employee (Emp_ID, jsonstr) VALUES ('E011', '{"Emp_Name": "이하준", "Email_Address": "employee11@hyundai.com", "Emp_Pwd": "11111", "Emp_Phone": "010-5555-1011", "Position": "과장", "Branch_ID": "'B02'"}');
INSERT INTO Employee (Emp_ID, jsonstr) VALUES ('E012', '{"Emp_Name": "전수현", "Email_Address": "employee12@hyundai.com", "Emp_Pwd": "1212", "Emp_Phone": "010-5555-1012", "Position": "대리", "Branch_ID": "'B02'"}');
INSERT INTO Employee (Emp_ID, jsonstr) VALUES ('E013', '{"Emp_Name": "임지호", "Email_Address": "employee13@hyundai.com", "Emp_Pwd": "1313", "Emp_Phone": "010-5555-1013", "Position": "주임", "Branch_ID": "'B02'"}');
INSERT INTO Employee (Emp_ID, jsonstr) VALUES ('E014', '{"Emp_Name": "강주원", "Email_Address": "employee14@hyundai.com", "Emp_Pwd": "1414", "Emp_Phone": "010-5555-1014", "Position": "사원", "Branch_ID": "'B02'"}');
INSERT INTO Employee (Emp_ID, jsonstr) VALUES ('E015', '{"Emp_Name": "문지현", "Email_Address": "employee15@hyundai.com", "Emp_Pwd": "1515", "Emp_Phone": "010-5555-1015", "Position": "사원", "Branch_ID": "'B02'"}');
INSERT INTO Employee (Emp_ID, jsonstr) VALUES ('E016', '{"Emp_Name": "한서윤", "Email_Address": "employee16@hyundai.com", "Emp_Pwd": "1616", "Emp_Phone": "010-5555-1016", "Position": "부장", "Branch_ID": "'B03'"}');
INSERT INTO Employee (Emp_ID, jsonstr) VALUES ('E017', '{"Emp_Name": "정우진", "Email_Address": "employee17@hyundai.com", "Emp_Pwd": "1717", "Emp_Phone": "010-5555-1017", "Position": "차장", "Branch_ID": "'B03'"}');
INSERT INTO Employee (Emp_ID, jsonstr) VALUES ('E018', '{"Emp_Name": "최윤서", "Email_Address": "employee18@hyundai.com", "Emp_Pwd": "1818", "Emp_Phone": "010-5555-1018", "Position": "대리", "Branch_ID": "'B03'"}');
INSERT INTO Employee (Emp_ID, jsonstr) VALUES ('E019', '{"Emp_Name": "이하영", "Email_Address": "employee19@hyundai.com", "Emp_Pwd": "1919", "Emp_Phone": "010-5555-1019", "Position": "대리", "Branch_ID": "'B03'"}');
INSERT INTO Employee (Emp_ID, jsonstr) VALUES ('E020', '{"Emp_Name": "박성호", "Email_Address": "employee20@hyundai.com", "Emp_Pwd": "2020", "Emp_Phone": "010-5555-1020", "Position": "사원", "Branch_ID": "'B03'"}');




//Purchase
INSERT INTO Purchase (Sale_ID, Car_ID, Cust_ID, Sale_Info, Emp_ID) VALUES ('S001', 'CAR002', 'C001', '{"Sale_Date": "2024-12-31", "Car_Price": 35360000}', 'E013');
INSERT INTO Purchase (Sale_ID, Car_ID, Cust_ID, Sale_Info, Emp_ID) VALUES ('S002', 'CAR014', 'C002', '{"Sale_Date": "2024-12-15", "Car_Price": 32380000}', 'E002');
INSERT INTO Purchase (Sale_ID, Car_ID, Cust_ID, Sale_Info, Emp_ID) VALUES ('S003', 'CAR017', 'C003', '{"Sale_Date": "2024-11-20", "Car_Price": 49510000}', 'E007');
INSERT INTO Purchase (Sale_ID, Car_ID, Cust_ID, Sale_Info, Emp_ID) VALUES ('S004', 'CAR014', 'C004', '{"Sale_Date": "2024-12-25", "Car_Price": 32380000}', 'E002');
INSERT INTO Purchase (Sale_ID, Car_ID, Cust_ID, Sale_Info, Emp_ID) VALUES ('S005', 'CAR001', 'C005', '{"Sale_Date": "2024-05-12", "Car_Price": 27880000}', 'E005');
INSERT INTO Purchase (Sale_ID, Car_ID, Cust_ID, Sale_Info, Emp_ID) VALUES ('S006', 'CAR002', 'C006', '{"Sale_Date": "2024-11-10", "Car_Price": 35360000}', 'E020');
INSERT INTO Purchase (Sale_ID, Car_ID, Cust_ID, Sale_Info, Emp_ID) VALUES ('S007', 'CAR006', 'C007', '{"Sale_Date": "2024-12-27", "Car_Price": 142800000}', 'E006');
INSERT INTO Purchase (Sale_ID, Car_ID, Cust_ID, Sale_Info, Emp_ID) VALUES ('S008', 'CAR015', 'C008', '{"Sale_Date": "2024-11-24", "Car_Price": 52560000}', 'E003');
INSERT INTO Purchase (Sale_ID, Car_ID, Cust_ID, Sale_Info, Emp_ID) VALUES ('S009', 'CAR009', 'C009', '{"Sale_Date": "2024-12-25", "Car_Price": 21460000}', 'E002');
INSERT INTO Purchase (Sale_ID, Car_ID, Cust_ID, Sale_Info, Emp_ID) VALUES ('S010', 'CAR012', 'C010', '{"Sale_Date": "2024-12-21", "Car_Price": 81070000}', 'E006');
INSERT INTO Purchase (Sale_ID, Car_ID, Cust_ID, Sale_Info, Emp_ID) VALUES ('S011', 'CAR006', 'C011', '{"Sale_Date": "2024-11-05", "Car_Price": 142800000}', 'E019');
INSERT INTO Purchase (Sale_ID, Car_ID, Cust_ID, Sale_Info, Emp_ID) VALUES ('S012', 'CAR002', 'C012', '{"Sale_Date": "2025-01-10", "Car_Price": 35360000}', 'E005');
INSERT INTO Purchase (Sale_ID, Car_ID, Cust_ID, Sale_Info, Emp_ID) VALUES ('S013', 'CAR011', 'C013', '{"Sale_Date": "2024-11-25", "Car_Price": 35460000}', 'E004');
INSERT INTO Purchase (Sale_ID, Car_ID, Cust_ID, Sale_Info, Emp_ID) VALUES ('S014', 'CAR015', 'C014', '{"Sale_Date": "2024-11-30", "Car_Price": 49510000}', 'E008');
INSERT INTO Purchase (Sale_ID, Car_ID, Cust_ID, Sale_Info, Emp_ID) VALUES ('S015', 'CAR010', 'C015', '{"Sale_Date": "2025-01-14", "Car_Price": 32190000}', 'E015');
INSERT INTO Purchase (Sale_ID, Car_ID, Cust_ID, Sale_Info, Emp_ID) VALUES ('S016', 'CAR013', 'C016', '{"Sale_Date": "2024-07-04", "Car_Price": 69450000}', 'E010');
INSERT INTO Purchase (Sale_ID, Car_ID, Cust_ID, Sale_Info, Emp_ID) VALUES ('S017', 'CAR005', 'C017', '{"Sale_Date": "2024-04-07", "Car_Price": 59900000}', 'E014');
INSERT INTO Purchase (Sale_ID, Car_ID, Cust_ID, Sale_Info, Emp_ID) VALUES ('S018', 'CAR005', 'C018', '{"Sale_Date": "2025-01-13", "Car_Price": 91990000}', 'E013');
INSERT INTO Purchase (Sale_ID, Car_ID, Cust_ID, Sale_Info, Emp_ID) VALUES ('S019', 'CAR006', 'C019', '{"Sale_Date": "2024-12-22", "Car_Price": 95400000}', 'E010');
INSERT INTO Purchase (Sale_ID, Car_ID, Cust_ID, Sale_Info, Emp_ID) VALUES ('S020', 'CAR012', 'C020', '{"Sale_Date": "2024-07-24", "Car_Price": 81070000}', 'E002');
INSERT INTO Purchase (Sale_ID, Car_ID, Cust_ID, Sale_Info, Emp_ID) VALUES ('S021', 'CAR010', 'C021', '{"Sale_Date": "2024-11-02", "Car_Price": 25160000}', 'E013');
INSERT INTO Purchase (Sale_ID, Car_ID, Cust_ID, Sale_Info, Emp_ID) VALUES ('S022', 'CAR013', 'C022', '{"Sale_Date": "2025-01-27", "Car_Price": 101880000}', 'E005');
INSERT INTO Purchase (Sale_ID, Car_ID, Cust_ID, Sale_Info, Emp_ID) VALUES ('S023', 'CAR017', 'C023', '{"Sale_Date": "2024-12-20", "Car_Price": 49510000}', 'E017');
INSERT INTO Purchase (Sale_ID, Car_ID, Cust_ID, Sale_Info, Emp_ID) VALUES ('S024', 'CAR006', 'C024', '{"Sale_Date": "2024-11-12", "Car_Price": 95400000}', 'E006');
INSERT INTO Purchase (Sale_ID, Car_ID, Cust_ID, Sale_Info, Emp_ID) VALUES ('S025', 'CAR002', 'C025', '{"Sale_Date": "2024-11-30", "Car_Price": 28310000}', 'E019');
INSERT INTO Purchase (Sale_ID, Car_ID, Cust_ID, Sale_Info, Emp_ID) VALUES ('S026', 'CAR017', 'C026', '{"Sale_Date": "2024-12-11", "Car_Price": 49510000}', 'E016');
INSERT INTO Purchase (Sale_ID, Car_ID, Cust_ID, Sale_Info, Emp_ID) VALUES ('S027', 'CAR002', 'C027', '{"Sale_Date": "2024-11-20", "Car_Price": 28310000}', 'E020');
INSERT INTO Purchase (Sale_ID, Car_ID, Cust_ID, Sale_Info, Emp_ID) VALUES ('S028', 'CAR003', 'C028', '{"Sale_Date": "2025-01-17", "Car_Price": 28500000}', 'E004');
INSERT INTO Purchase (Sale_ID, Car_ID, Cust_ID, Sale_Info, Emp_ID) VALUES ('S029', 'CAR006', 'C029', '{"Sale_Date": "2024-01-03", "Car_Price": 142800000}', 'E001');
INSERT INTO Purchase (Sale_ID, Car_ID, Cust_ID, Sale_Info, Emp_ID) VALUES ('S030', 'CAR007', 'C030', '{"Sale_Date": "2024-11-22", "Car_Price": 55860000}', 'E009');
INSERT INTO Purchase (Sale_ID, Car_ID, Cust_ID, Sale_Info, Emp_ID) VALUES ('S031', 'CAR014', 'C101', '{"Sale_Date": "2024-12-06", "Car_Price": 32380000}', 'E020');
INSERT INTO Purchase (Sale_ID, Car_ID, Cust_ID, Sale_Info, Emp_ID) VALUES ('S032', 'CAR014', 'C102', '{"Sale_Date": "2024-11-03", "Car_Price": 32380000}', 'E014');
INSERT INTO Purchase (Sale_ID, Car_ID, Cust_ID, Sale_Info, Emp_ID) VALUES ('S033', 'CAR011', 'C103', '{"Sale_Date": "2025-01-27", "Car_Price": 35460000}', 'E017');
INSERT INTO Purchase (Sale_ID, Car_ID, Cust_ID, Sale_Info, Emp_ID) VALUES ('S034', 'CAR002', 'C104', '{"Sale_Date": "2025-01-22", "Car_Price": 35360000}', 'E007');
INSERT INTO Purchase (Sale_ID, Car_ID, Cust_ID, Sale_Info, Emp_ID) VALUES ('S035', 'CAR015', 'C105', '{"Sale_Date": "2024-03-04", "Car_Price": 52560000}', 'E002');
INSERT INTO Purchase (Sale_ID, Car_ID, Cust_ID, Sale_Info, Emp_ID) VALUES ('S036', 'CAR002', 'C106', '{"Sale_Date": "2024-02-04", "Car_Price": 28310000}', 'E016');
INSERT INTO Purchase (Sale_ID, Car_ID, Cust_ID, Sale_Info, Emp_ID) VALUES ('S037', 'CAR006', 'C107', '{"Sale_Date": "2024-12-30", "Car_Price": 142800000}', 'E002');
INSERT INTO Purchase (Sale_ID, Car_ID, Cust_ID, Sale_Info, Emp_ID) VALUES ('S038', 'CAR014', 'C108', '{"Sale_Date": "2024-11-01", "Car_Price": 30510000}', 'E002');
INSERT INTO Purchase (Sale_ID, Car_ID, Cust_ID, Sale_Info, Emp_ID) VALUES ('S039', 'CAR014', 'C109', '{"Sale_Date": "2024-03-10", "Car_Price": 30510000}', 'E007');
INSERT INTO Purchase (Sale_ID, Car_ID, Cust_ID, Sale_Info, Emp_ID) VALUES ('S040', 'CAR003', 'C110', '{"Sale_Date": "2024-11-24", "Car_Price": 37680000}', 'E006');
INSERT INTO Purchase (Sale_ID, Car_ID, Cust_ID, Sale_Info, Emp_ID) VALUES ('S041', 'CAR015', 'C041', '{"Sale_Date": "2025-01-13", "Car_Price": 52560000}', 'E008');
INSERT INTO Purchase (Sale_ID, Car_ID, Cust_ID, Sale_Info, Emp_ID) VALUES ('S042', 'CAR010', 'C042', '{"Sale_Date": "2024-12-06", "Car_Price": 32190000}', 'E012');
INSERT INTO Purchase (Sale_ID, Car_ID, Cust_ID, Sale_Info, Emp_ID) VALUES ('S043', 'CAR006', 'C043', '{"Sale_Date": "2024-12-29", "Car_Price": 95400000}', 'E006');
INSERT INTO Purchase (Sale_ID, Car_ID, Cust_ID, Sale_Info, Emp_ID) VALUES ('S044', 'CAR001', 'C044', '{"Sale_Date": "2024-12-30", "Car_Price": 19940000}', 'E005');
INSERT INTO Purchase (Sale_ID, Car_ID, Cust_ID, Sale_Info, Emp_ID) VALUES ('S045', 'CAR005', 'C045', '{"Sale_Date": "2024-12-19", "Car_Price": 59900000}', 'E002');
INSERT INTO Purchase (Sale_ID, Car_ID, Cust_ID, Sale_Info, Emp_ID) VALUES ('S046', 'CAR017', 'C046', '{"Sale_Date": "2024-07-06", "Car_Price": 49510000}', 'E007');
INSERT INTO Purchase (Sale_ID, Car_ID, Cust_ID, Sale_Info, Emp_ID) VALUES ('S047', 'CAR015', 'C047', '{"Sale_Date": "2024-06-15", "Car_Price": 52560000}', 'E003');
INSERT INTO Purchase (Sale_ID, Car_ID, Cust_ID, Sale_Info, Emp_ID) VALUES ('S048', 'CAR006', 'C048', '{"Sale_Date": "2024-11-17", "Car_Price": 95400000}', 'E003');
INSERT INTO Purchase (Sale_ID, Car_ID, Cust_ID, Sale_Info, Emp_ID) VALUES ('S049', 'CAR001', 'C049', '{"Sale_Date": "2025-01-04", "Car_Price": 27880000}', 'E015');
INSERT INTO Purchase (Sale_ID, Car_ID, Cust_ID, Sale_Info, Emp_ID) VALUES ('S050', 'CAR014', 'C050', '{"Sale_Date": "2024-11-21", "Car_Price": 32380000}', 'E003');
INSERT INTO Purchase (Sale_ID, Car_ID, Cust_ID, Sale_Info, Emp_ID) VALUES ('S051', 'CAR015', 'C051', '{"Sale_Date": "2024-04-20", "Car_Price": 52560000}', 'E004');
INSERT INTO Purchase (Sale_ID, Car_ID, Cust_ID, Sale_Info, Emp_ID) VALUES ('S052', 'CAR017', 'C052', '{"Sale_Date": "2024-11-16", "Car_Price": 52560000}', 'E003');
INSERT INTO Purchase (Sale_ID, Car_ID, Cust_ID, Sale_Info, Emp_ID) VALUES ('S053', 'CAR002', 'C053', '{"Sale_Date": "2024-11-01", "Car_Price": 35360000}', 'E018');
INSERT INTO Purchase (Sale_ID, Car_ID, Cust_ID, Sale_Info, Emp_ID) VALUES ('S054', 'CAR001', 'C054', '{"Sale_Date": "2025-01-13", "Car_Price": 27880000}', 'E003');
INSERT INTO Purchase (Sale_ID, Car_ID, Cust_ID, Sale_Info, Emp_ID) VALUES ('S055', 'CAR001', 'C055', '{"Sale_Date": "2024-06-24", "Car_Price": 19940000}', 'E010');
INSERT INTO Purchase (Sale_ID, Car_ID, Cust_ID, Sale_Info, Emp_ID) VALUES ('S056', 'CAR002', 'C056', '{"Sale_Date": "2025-01-11", "Car_Price": 35360000}', 'E012');
INSERT INTO Purchase (Sale_ID, Car_ID, Cust_ID, Sale_Info, Emp_ID) VALUES ('S057', 'CAR014', 'C057', '{"Sale_Date": "2025-01-09", "Car_Price": 30510000}', 'E013');
INSERT INTO Purchase (Sale_ID, Car_ID, Cust_ID, Sale_Info, Emp_ID) VALUES ('S058', 'CAR010', 'C058', '{"Sale_Date": "2024-07-28", "Car_Price": 32190000}', 'E017');
INSERT INTO Purchase (Sale_ID, Car_ID, Cust_ID, Sale_Info, Emp_ID) VALUES ('S059', 'CAR002', 'C059', '{"Sale_Date": "2025-01-11", "Car_Price": 28310000}', 'E013');
INSERT INTO Purchase (Sale_ID, Car_ID, Cust_ID, Sale_Info, Emp_ID) VALUES ('S060', 'CAR006', 'C060', '{"Sale_Date": "2024-10-25", "Car_Price": 142800000}', 'E014');
INSERT INTO Purchase (Sale_ID, Car_ID, Cust_ID, Sale_Info, Emp_ID) VALUES ('S061', 'CAR013', 'C061', '{"Sale_Date": "2025-01-18", "Car_Price": 69450000}', 'E006');
INSERT INTO Purchase (Sale_ID, Car_ID, Cust_ID, Sale_Info, Emp_ID) VALUES ('S062', 'CAR010', 'C062', '{"Sale_Date": "2024-01-02", "Car_Price": 25160000}', 'E016');
INSERT INTO Purchase (Sale_ID, Car_ID, Cust_ID, Sale_Info, Emp_ID) VALUES ('S063', 'CAR008', 'C063', '{"Sale_Date": "2024-09-16", "Car_Price": 27710000}', 'E009');
INSERT INTO Purchase (Sale_ID, Car_ID, Cust_ID, Sale_Info, Emp_ID) VALUES ('S064', 'CAR006', 'C064', '{"Sale_Date": "2025-01-23", "Car_Price": 142800000}', 'E019');
INSERT INTO Purchase (Sale_ID, Car_ID, Cust_ID, Sale_Info, Emp_ID) VALUES ('S065', 'CAR002', 'C065', '{"Sale_Date": "2024-11-02", "Car_Price": 28310000}', 'E002');
INSERT INTO Purchase (Sale_ID, Car_ID, Cust_ID, Sale_Info, Emp_ID) VALUES ('S066', 'CAR014', 'C066', '{"Sale_Date": "2025-01-29", "Car_Price": 32380000}', 'E010');
INSERT INTO Purchase (Sale_ID, Car_ID, Cust_ID, Sale_Info, Emp_ID) VALUES ('S067', 'CAR014', 'C067', '{"Sale_Date": "2024-11-17", "Car_Price": 30510000}', 'E011');
INSERT INTO Purchase (Sale_ID, Car_ID, Cust_ID, Sale_Info, Emp_ID) VALUES ('S068', 'CAR014', 'C068', '{"Sale_Date": "2024-11-24", "Car_Price": 32380000}', 'E018');
INSERT INTO Purchase (Sale_ID, Car_ID, Cust_ID, Sale_Info, Emp_ID) VALUES ('S069', 'CAR001', 'C069', '{"Sale_Date": "2024-11-10", "Car_Price": 27880000}', 'E005');
INSERT INTO Purchase (Sale_ID, Car_ID, Cust_ID, Sale_Info, Emp_ID) VALUES ('S070', 'CAR006', 'C070', '{"Sale_Date": "2025-01-12", "Car_Price": 95400000}', 'E019');
INSERT INTO Purchase (Sale_ID, Car_ID, Cust_ID, Sale_Info, Emp_ID) VALUES ('S071', 'CAR002', 'C071', '{"Sale_Date": "2024-12-22", "Car_Price": 35360000}', 'E014');
INSERT INTO Purchase (Sale_ID, Car_ID, Cust_ID, Sale_Info, Emp_ID) VALUES ('S072', 'CAR001', 'C072', '{"Sale_Date": "2024-12-28", "Car_Price": 27880000}', 'E010');
INSERT INTO Purchase (Sale_ID, Car_ID, Cust_ID, Sale_Info, Emp_ID) VALUES ('S073', 'CAR010', 'C073', '{"Sale_Date": "2025-01-02", "Car_Price": 32190000}', 'E002');
INSERT INTO Purchase (Sale_ID, Car_ID, Cust_ID, Sale_Info, Emp_ID) VALUES ('S074', 'CAR006', 'C074', '{"Sale_Date": "2024-01-12", "Car_Price": 95400000}', 'E017');
INSERT INTO Purchase (Sale_ID, Car_ID, Cust_ID, Sale_Info, Emp_ID) VALUES ('S075', 'CAR001', 'C075', '{"Sale_Date": "2024-05-03", "Car_Price": 19940000}', 'E006');
INSERT INTO Purchase (Sale_ID, Car_ID, Cust_ID, Sale_Info, Emp_ID) VALUES ('S076', 'CAR013', 'C076', '{"Sale_Date": "2024-12-19", "Car_Price": 69450000}', 'E007');
INSERT INTO Purchase (Sale_ID, Car_ID, Cust_ID, Sale_Info, Emp_ID) VALUES ('S077', 'CAR010', 'C077', '{"Sale_Date": "2024-11-12", "Car_Price": 32190000}', 'E010');
INSERT INTO Purchase (Sale_ID, Car_ID, Cust_ID, Sale_Info, Emp_ID) VALUES ('S078', 'CAR002', 'C078', '{"Sale_Date": "2024-12-10", "Car_Price": 35360000}', 'E002');
INSERT INTO Purchase (Sale_ID, Car_ID, Cust_ID, Sale_Info, Emp_ID) VALUES ('S079', 'CAR010', 'C079', '{"Sale_Date": "2024-05-10", "Car_Price": 25160000}', 'E016');
INSERT INTO Purchase (Sale_ID, Car_ID, Cust_ID, Sale_Info, Emp_ID) VALUES ('S080', 'CAR014', 'C080', '{"Sale_Date": "2025-01-28", "Car_Price": 30510000}', 'E004');
INSERT INTO Purchase (Sale_ID, Car_ID, Cust_ID, Sale_Info, Emp_ID) VALUES ('S081', 'CAR001', 'C081', '{"Sale_Date": "2024-12-24", "Car_Price": 19940000}', 'E013');
INSERT INTO Purchase (Sale_ID, Car_ID, Cust_ID, Sale_Info, Emp_ID) VALUES ('S082', 'CAR001', 'C082', '{"Sale_Date": "2024-10-08", "Car_Price": 19940000}', 'E014');
INSERT INTO Purchase (Sale_ID, Car_ID, Cust_ID, Sale_Info, Emp_ID) VALUES ('S083', 'CAR006', 'C083', '{"Sale_Date": "2024-12-15", "Car_Price": 142800000}', 'E012');
INSERT INTO Purchase (Sale_ID, Car_ID, Cust_ID, Sale_Info, Emp_ID) VALUES ('S084', 'CAR010', 'C084', '{"Sale_Date": "2024-11-04", "Car_Price": 25160000}', 'E010');
INSERT INTO Purchase (Sale_ID, Car_ID, Cust_ID, Sale_Info, Emp_ID) VALUES ('S085', 'CAR001', 'C085', '{"Sale_Date": "2024-07-07", "Car_Price": 27880000}', 'E018');
INSERT INTO Purchase (Sale_ID, Car_ID, Cust_ID, Sale_Info, Emp_ID) VALUES ('S086', 'CAR006', 'C086', '{"Sale_Date": "2024-12-16", "Car_Price": 142800000}', 'E002');
INSERT INTO Purchase (Sale_ID, Car_ID, Cust_ID, Sale_Info, Emp_ID) VALUES ('S087', 'CAR002', 'C087', '{"Sale_Date": "2025-01-24", "Car_Price": 35360000}', 'E008');
INSERT INTO Purchase (Sale_ID, Car_ID, Cust_ID, Sale_Info, Emp_ID) VALUES ('S088', 'CAR017', 'C088', '{"Sale_Date": "2024-12-25", "Car_Price": 49510000}', 'E001');
INSERT INTO Purchase (Sale_ID, Car_ID, Cust_ID, Sale_Info, Emp_ID) VALUES ('S089', 'CAR015', 'C089', '{"Sale_Date": "2025-01-10", "Car_Price": 49510000}', 'E003');
INSERT INTO Purchase (Sale_ID, Car_ID, Cust_ID, Sale_Info, Emp_ID) VALUES ('S090', 'CAR010', 'C090', '{"Sale_Date": "2024-12-09", "Car_Price": 25160000}', 'E009');
INSERT INTO Purchase (Sale_ID, Car_ID, Cust_ID, Sale_Info, Emp_ID) VALUES ('S091', 'CAR007', 'C091', '{"Sale_Date": "2025-01-31", "Car_Price": 55860000}', 'E002');
INSERT INTO Purchase (Sale_ID, Car_ID, Cust_ID, Sale_Info, Emp_ID) VALUES ('S092', 'CAR014', 'C092', '{"Sale_Date": "2024-05-22", "Car_Price": 32380000}', 'E013');
INSERT INTO Purchase (Sale_ID, Car_ID, Cust_ID, Sale_Info, Emp_ID) VALUES ('S093', 'CAR001', 'C093', '{"Sale_Date": "2024-12-12", "Car_Price": 19940000}', 'E013');
INSERT INTO Purchase (Sale_ID, Car_ID, Cust_ID, Sale_Info, Emp_ID) VALUES ('S094', 'CAR017', 'C094', '{"Sale_Date": "2024-12-16", "Car_Price": 49510000}', 'E007');
INSERT INTO Purchase (Sale_ID, Car_ID, Cust_ID, Sale_Info, Emp_ID) VALUES ('S095', 'CAR010', 'C095', '{"Sale_Date": "2024-11-23", "Car_Price": 25160000}', 'E019');
INSERT INTO Purchase (Sale_ID, Car_ID, Cust_ID, Sale_Info, Emp_ID) VALUES ('S096', 'CAR014', 'C096', '{"Sale_Date": "2024-12-06", "Car_Price": 32380000}', 'E019');
INSERT INTO Purchase (Sale_ID, Car_ID, Cust_ID, Sale_Info, Emp_ID) VALUES ('S097', 'CAR015', 'C097', '{"Sale_Date": "2024-07-19", "Car_Price": 49510000}', 'E004');
INSERT INTO Purchase (Sale_ID, Car_ID, Cust_ID, Sale_Info, Emp_ID) VALUES ('S098', 'CAR013', 'C098', '{"Sale_Date": "2024-05-18", "Car_Price": 69450000}', 'E017');
INSERT INTO Purchase (Sale_ID, Car_ID, Cust_ID, Sale_Info, Emp_ID) VALUES ('S099', 'CAR001', 'C099', '{"Sale_Date": "2024-04-11", "Car_Price": 19940000}', 'E010');
INSERT INTO Purchase (Sale_ID, Car_ID, Cust_ID, Sale_Info, Emp_ID) VALUES ('S100', 'CAR002', 'C100', '{"Sale_Date": "2024-11-18", "Car_Price": 35360000}', 'E010');



//Customer
INSERT INTO Customer (Cust_ID, jsonstr) VALUES ('C001', '{"CuName": "김서윤", "CuBday": "1982-05-12", "CuEmail": "c001@email.com", "CuStatus": null, "CuUpdate": "2025-01-30", "CuAdd": "Daegu", "CuNum": "010-2696-4460", "CuType": "Personal"}');
INSERT INTO Customer (Cust_ID, jsonstr) VALUES ('C002', '{"CuName": "강우진", "CuBday": "1985-06-19", "CuEmail": "c002@email.com", "CuStatus": null, "CuUpdate": "2025-01-29", "CuAdd": "Daegu", "CuNum": "010-5637-3533", "CuType": "Personal"}');
INSERT INTO Customer (Cust_ID, jsonstr) VALUES ('C003', '{"CuName": "강하영", "CuBday": "1971-11-25", "CuEmail": "c003@email.com", "CuStatus": null, "CuUpdate": "2025-01-25", "CuAdd": "Daejeon", "CuNum": "010-2576-4565", "CuType": "Personal"}');
INSERT INTO Customer (Cust_ID, jsonstr) VALUES ('C004', '{"CuName": "강지현", "CuBday": "1991-04-16", "CuEmail": "c004@email.com", "CuStatus": null, "CuUpdate": "2025-01-31", "CuAdd": "Seoul", "CuNum": "010-8671-3881", "CuType": "Personal"}');
INSERT INTO Customer (Cust_ID, jsonstr) VALUES ('C005', '{"CuName": "박정우", "CuBday": "1993-04-25", "CuEmail": "c005@email.com", "CuStatus": null, "CuUpdate": "2025-01-29", "CuAdd": "Seoul", "CuNum": "010-3044-7863", "CuType": "Personal"}');
INSERT INTO Customer (Cust_ID, jsonstr) VALUES ('C006', '{"CuName": "김하준", "CuBday": "1997-12-09", "CuEmail": "c006@email.com", "CuStatus": null, "CuUpdate": "2025-01-20", "CuAdd": "Incheon", "CuNum": "010-2832-5881", "CuType": "Personal"}');
INSERT INTO Customer (Cust_ID, jsonstr) VALUES ('C007', '{"CuName": "최수현", "CuBday": "1988-10-08", "CuEmail": "c007@email.com", "CuStatus": null, "CuUpdate": "2025-01-31", "CuAdd": "Incheon", "CuNum": "010-6598-7109", "CuType": "Personal"}');
INSERT INTO Customer (Cust_ID, jsonstr) VALUES ('C008', '{"CuName": "박주원", "CuBday": "1994-04-08", "CuEmail": "c008@email.com", "CuStatus": null, "CuUpdate": "2025-01-28", "CuAdd": "Daejeon", "CuNum": "010-9032-2870", "CuType": "Personal"}');
INSERT INTO Customer (Cust_ID, jsonstr) VALUES ('C009', '{"CuName": "이진우", "CuBday": "1974-05-26", "CuEmail": "c009@email.com", "CuStatus": null, "CuUpdate": "2025-01-31", "CuAdd": "Daejeon", "CuNum": "010-2492-6960", "CuType": "Personal"}');
INSERT INTO Customer (Cust_ID, jsonstr) VALUES ('C010', '{"CuName": "강하준", "CuBday": "1993-11-07", "CuEmail": "c010@email.com", "CuStatus": null, "CuUpdate": "2025-01-26", "CuAdd": "Daejeon", "CuNum": "010-2767-3522", "CuType": "Personal"}');
INSERT INTO Customer (Cust_ID, jsonstr) VALUES ('C011', '{"CuName": "박민혁", "CuBday": "1981-07-13", "CuEmail": "c011@email.com", "CuStatus": null, "CuUpdate": "2025-01-31", "CuAdd": "Daegu", "CuNum": "010-1549-5919", "CuType": "Personal"}');
INSERT INTO Customer (Cust_ID, jsonstr) VALUES ('C012', '{"CuName": "박민수", "CuBday": "1986-09-26", "CuEmail": "c012@email.com", "CuStatus": null, "CuUpdate": "2025-01-26", "CuAdd": "Daejeon", "CuNum": "010-6807-1110", "CuType": "Personal"}');
INSERT INTO Customer (Cust_ID, jsonstr) VALUES ('C013', '{"CuName": "김지현", "CuBday": "1971-02-28", "CuEmail": "c013@email.com", "CuStatus": null, "CuUpdate": "2025-01-28", "CuAdd": "Busan", "CuNum": "010-8555-6562", "CuType": "Personal"}');
INSERT INTO Customer (Cust_ID, jsonstr) VALUES ('C014', '{"CuName": "최지호", "CuBday": "1982-07-14", "CuEmail": "c014@email.com", "CuStatus": null, "CuUpdate": "2025-01-22", "CuAdd": "Gwangju", "CuNum": "010-9938-5412", "CuType": "Personal"}');
INSERT INTO Customer (Cust_ID, jsonstr) VALUES ('C015', '{"CuName": "동아오츠카", "CuBday": "1983-08-25", "CuEmail": "c015@email.com", "CuStatus": null, "CuUpdate": "2025-01-23", "CuAdd": "Daegu", "CuNum": "010-6203-4821", "CuType": "Corporate"}');
INSERT INTO Customer (Cust_ID, jsonstr) VALUES ('C016', '{"CuName": "강서윤", "CuBday": "1992-10-10", "CuEmail": "c016@email.com", "CuStatus": null, "CuUpdate": "2025-01-24", "CuAdd": "Daegu", "CuNum": "010-6536-7353", "CuType": "Personal"}');
INSERT INTO Customer (Cust_ID, jsonstr) VALUES ('C017', '{"CuName": "이수현", "CuBday": "1986-05-17", "CuEmail": "c017@email.com", "CuStatus": null, "CuUpdate": "2025-01-29", "CuAdd": "Daegu", "CuNum": "010-1179-4993", "CuType": "Personal"}');
INSERT INTO Customer (Cust_ID, jsonstr) VALUES ('C018', '{"CuName": "윤지현", "CuBday": "1985-02-14", "CuEmail": "c018@email.com", "CuStatus": null, "CuUpdate": "2025-01-25", "CuAdd": "Daegu", "CuNum": "010-7285-3114", "CuType": "Personal"}');
INSERT INTO Customer (Cust_ID, jsonstr) VALUES ('C019', '{"CuName": "김수민", "CuBday": "1995-06-10", "CuEmail": "c019@email.com", "CuStatus": null, "CuUpdate": "2025-01-23", "CuAdd": "Busan", "CuNum": "010-8970-3027", "CuType": "Personal"}');
INSERT INTO Customer (Cust_ID, jsonstr) VALUES ('C020', '{"CuName": "박하준", "CuBday": "1990-02-15", "CuEmail": "c020@email.com", "CuStatus": null, "CuUpdate": "2025-01-29", "CuAdd": "Seoul", "CuNum": "010-8686-3850", "CuType": "Personal"}');
INSERT INTO Customer (Cust_ID, jsonstr) VALUES ('C021', '{"CuName": "김수현", "CuBday": "1992-12-12", "CuEmail": "c021@email.com", "CuStatus": "Frequent Buyer", "CuUpdate": "2025-01-24", "CuAdd": "Gwangju", "CuNum": "010-6249-3785", "CuType": "Personal"}');
INSERT INTO Customer (Cust_ID, jsonstr) VALUES ('C022', '{"CuName": "정하연", "CuBday": "1988-04-03", "CuEmail": "c022@email.com", "CuStatus": null, "CuUpdate": "2025-01-31", "CuAdd": "Incheon", "CuNum": "010-8759-3862", "CuType": "Personal"}');
INSERT INTO Customer (Cust_ID, jsonstr) VALUES ('C023', '{"CuName": "최윤서", "CuBday": "1992-05-15", "CuEmail": "c023@email.com", "CuStatus": null, "CuUpdate": "2025-01-24", "CuAdd": "Daejeon", "CuNum": "010-4787-6491", "CuType": "Personal"}');
INSERT INTO Customer (Cust_ID, jsonstr) VALUES ('C024', '{"CuName": "최수민", "CuBday": "1992-08-16", "CuEmail": "c024@email.com", "CuStatus": null, "CuUpdate": "2025-01-30", "CuAdd": "Daegu", "CuNum": "010-4286-6410", "CuType": "Personal"}');
INSERT INTO Customer (Cust_ID, jsonstr) VALUES ('C025', '{"CuName": "이수민", "CuBday": "1983-10-24", "CuEmail": "c025@email.com", "CuStatus": "VIP Membership", "CuUpdate": "2025-01-29", "CuAdd": "Incheon", "CuNum": "010-3573-2327", "CuType": "Personal"}');
INSERT INTO Customer (Cust_ID, jsonstr) VALUES ('C026', '{"CuName": "이주원", "CuBday": "1995-12-23", "CuEmail": "c026@email.com", "CuStatus": null, "CuUpdate": "2025-01-20", "CuAdd": "Daejeon", "CuNum": "010-5047-6237", "CuType": "Personal"}');
INSERT INTO Customer (Cust_ID, jsonstr) VALUES ('C027', '{"CuName": "조서윤", "CuBday": "1994-01-08", "CuEmail": "c027@email.com", "CuStatus": null, "CuUpdate": "2025-01-29", "CuAdd": "Incheon", "CuNum": "010-2215-9073", "CuType": "Personal"}');
INSERT INTO Customer (Cust_ID, jsonstr) VALUES ('C028', '{"CuName": "강민혁", "CuBday": "1976-01-15", "CuEmail": "c028@email.com", "CuStatus": null, "CuUpdate": "2025-01-22", "CuAdd": "Busan", "CuNum": "010-5981-8926", "CuType": "Personal"}');
INSERT INTO Customer (Cust_ID, jsonstr) VALUES ('C029', '{"CuName": "박성호", "CuBday": "1996-06-14", "CuEmail": "c029@email.com", "CuStatus": null, "CuUpdate": "2025-01-23", "CuAdd": "Incheon", "CuNum": "010-2213-4692", "CuType": "Personal"}');
INSERT INTO Customer (Cust_ID, jsonstr) VALUES ('C030', '{"CuName": "아모레퍼시픽", "CuBday": "1987-12-16", "CuEmail": "c030@email.com", "CuStatus": null, "CuUpdate": "2025-01-27", "CuAdd": "Seoul", "CuNum": "010-8155-1686", "CuType": "Corporate"}');
INSERT INTO Customer (Cust_ID, jsonstr) VALUES ('C031', '{"CuName": "윤지수", "CuBday": "1990-08-09", "CuEmail": "c031@email.com", "CuStatus": null, "CuUpdate": "2025-01-28", "CuAdd": "Seoul", "CuNum": "010-6805-2247", "CuType": "Personal"}');
INSERT INTO Customer (Cust_ID, jsonstr) VALUES ('C032', '{"CuName": "윤현지", "CuBday": "1974-10-14", "CuEmail": "c032@email.com", "CuStatus": null, "CuUpdate": "2025-01-21", "CuAdd": "Busan", "CuNum": "010-5232-1248", "CuType": "Personal"}');
INSERT INTO Customer (Cust_ID, jsonstr) VALUES ('C033', '{"CuName": "SK Telecom", "CuBday": "1978-10-24", "CuEmail": "c033@email.com", "CuStatus": null, "CuUpdate": "2025-01-30", "CuAdd": "Seoul", "CuNum": "010-4991-9965", "CuType": "Corporate"}');
INSERT INTO Customer (Cust_ID, jsonstr) VALUES ('C034', '{"CuName": "윤지훈", "CuBday": "1973-02-28", "CuEmail": "c034@email.com", "CuStatus": null, "CuUpdate": "2025-01-25", "CuAdd": "Busan", "CuNum": "010-4035-7130", "CuType": "Personal"}');
INSERT INTO Customer (Cust_ID, jsonstr) VALUES ('C035', '{"CuName": "박수민", "CuBday": "1980-01-26", "CuEmail": "c035@email.com", "CuStatus": null, "CuUpdate": "2025-01-25", "CuAdd": "Seoul", "CuNum": "010-9033-9138", "CuType": "Personal"}');
INSERT INTO Customer (Cust_ID, jsonstr) VALUES ('C036', '{"CuName": "구글코리아", "CuBday": "1980-12-11", "CuEmail": "c036@email.com", "CuStatus": null, "CuUpdate": "2025-01-28", "CuAdd": "Incheon", "CuNum": "010-9240-3815", "CuType": "Corporate"}');
INSERT INTO Customer (Cust_ID, jsonstr) VALUES ('C037', '{"CuName": "농심", "CuBday": "1978-07-27", "CuEmail": "c037@email.com", "CuStatus": null, "CuUpdate": "2025-01-25", "CuAdd": "Seoul", "CuNum": "010-4719-4872", "CuType": "Corporate"}');
INSERT INTO Customer (Cust_ID, jsonstr) VALUES ('C038', '{"CuName": "박수현", "CuBday": "1970-07-23", "CuEmail": "c038@email.com", "CuStatus": null, "CuUpdate": "2025-01-21", "CuAdd": "Incheon", "CuNum": "010-8036-4237", "CuType": "Personal"}');
INSERT INTO Customer (Cust_ID, jsonstr) VALUES ('C039', '{"CuName": "최주원", "CuBday": "1981-03-07", "CuEmail": "c039@email.com", "CuStatus": null, "CuUpdate": "2025-01-22", "CuAdd": "Incheon", "CuNum": "010-6151-1154", "CuType": "Personal"}');
INSERT INTO Customer (Cust_ID, jsonstr) VALUES ('C040', '{"CuName": "강성호", "CuBday": "1990-09-07", "CuEmail": "c040@email.com", "CuStatus": null, "CuUpdate": "2025-01-29", "CuAdd": "Seoul", "CuNum": "010-2310-2251", "CuType": "Personal"}');
INSERT INTO Customer (Cust_ID, jsonstr) VALUES ('C041', '{"CuName": "한화오션", "CuBday": "1995-08-02", "CuEmail": "c041@email.com", "CuStatus": null, "CuUpdate": "2025-01-31", "CuAdd": "Seoul", "CuNum": "010-3200-8912", "CuType": "Corporate"}');
INSERT INTO Customer (Cust_ID, jsonstr) VALUES ('C042', '{"CuName": "롯데제과", "CuBday": "1979-02-27", "CuEmail": "c042@email.com", "CuStatus": null, "CuUpdate": "2025-01-27", "CuAdd": "Seoul", "CuNum": "010-2369-6446", "CuType": "Corporate"}');
INSERT INTO Customer (Cust_ID, jsonstr) VALUES ('C043', '{"CuName": "박동훈", "CuBday": "1999-03-15", "CuEmail": "c043@email.com", "CuStatus": null, "CuUpdate": "2025-01-25", "CuAdd": "Busan", "CuNum": "010-4755-2174", "CuType": "Personal"}');
INSERT INTO Customer (Cust_ID, jsonstr) VALUES ('C044', '{"CuName": "윤정우", "CuBday": "1980-04-03", "CuEmail": "c044@email.com", "CuStatus": null, "CuUpdate": "2025-01-27", "CuAdd": "Daejeon", "CuNum": "010-5785-6838", "CuType": "Personal"}');
INSERT INTO Customer (Cust_ID, jsonstr) VALUES ('C045', '{"CuName": "최하영", "CuBday": "1983-06-11", "CuEmail": "c045@email.com", "CuStatus": null, "CuUpdate": "2025-01-27", "CuAdd": "Gwangju", "CuNum": "010-4020-3282", "CuType": "Personal"}');
INSERT INTO Customer (Cust_ID, jsonstr) VALUES ('C046', '{"CuName": "정우진", "CuBday": "1988-03-25", "CuEmail": "c046@email.com", "CuStatus": null, "CuUpdate": "2025-01-20", "CuAdd": "Incheon", "CuNum": "010-5425-8761", "CuType": "Personal"}');
INSERT INTO Customer (Cust_ID, jsonstr) VALUES ('C047', '{"CuName": "윤동훈", "CuBday": "1972-09-02", "CuEmail": "c047@email.com", "CuStatus": null, "CuUpdate": "2025-01-24", "CuAdd": "Daegu", "CuNum": "010-9341-9225", "CuType": "Personal"}');
INSERT INTO Customer (Cust_ID, jsonstr) VALUES ('C048', '{"CuName": "최지현", "CuBday": "1991-12-24", "CuEmail": "c048@email.com", "CuStatus": null, "CuUpdate": "2025-01-25", "CuAdd": "Gwangju", "CuNum": "010-4667-5528", "CuType": "Personal"}');
INSERT INTO Customer (Cust_ID, jsonstr) VALUES ('C049', '{"CuName": "윤우진", "CuBday": "1978-08-15", "CuEmail": "c049@email.com", "CuStatus": null, "CuUpdate": "2025-01-25", "CuAdd": "Gwangju", "CuNum": "010-1351-3780", "CuType": "Personal"}');
INSERT INTO Customer (Cust_ID, jsonstr) VALUES ('C050', '{"CuName": "sk 하이닉스", "CuBday": "1987-11-22", "CuEmail": "c050@email.com", "CuStatus": null, "CuUpdate": "2025-01-31", "CuAdd": "Busan", "CuNum": "010-8334-7920", "CuType": "Corporate"}');
INSERT INTO Customer (Cust_ID, jsonstr) VALUES ('C051', '{"CuName": "이서윤", "CuBday": "1991-03-11", "CuEmail": "c051@email.com", "CuStatus": "Corporate Fleet", "CuUpdate": "2025-01-27", "CuAdd": "Gwangju", "CuNum": "010-2118-2952", "CuType": "Personal"}');
INSERT INTO Customer (Cust_ID, jsonstr) VALUES ('C052', '{"CuName": "네이버", "CuBday": "1978-06-07", "CuEmail": "c052@email.com", "CuStatus": null, "CuUpdate": "2025-01-22", "CuAdd": "Incheon", "CuNum": "010-7329-3170", "CuType": "Corporate"}');
INSERT INTO Customer (Cust_ID, jsonstr) VALUES ('C053', '{"CuName": "최정우", "CuBday": "1976-02-05", "CuEmail": "c053@email.com", "CuStatus": null, "CuUpdate": "2025-01-24", "CuAdd": "Daejeon", "CuNum": "010-7994-9550", "CuType": "Personal"}');
INSERT INTO Customer (Cust_ID, jsonstr) VALUES ('C054', '{"CuName": "정민혁", "CuBday": "1999-03-10", "CuEmail": "c054@email.com", "CuStatus": "Referral Program", "CuUpdate": "2025-01-20", "CuAdd": "Seoul", "CuNum": "010-3270-8061", "CuType": "Personal"}');
INSERT INTO Customer (Cust_ID, jsonstr) VALUES ('C055', '{"CuName": "넥슨", "CuBday": "1988-03-14", "CuEmail": "c055@email.com", "CuStatus": "Long-Term Rental", "CuUpdate": "2025-01-24", "CuAdd": "Busan", "CuNum": "010-2790-9368", "CuType": "Corporate"}');
INSERT INTO Customer (Cust_ID, jsonstr) VALUES ('C056', '{"CuName": "강하연", "CuBday": "1987-03-20", "CuEmail": "c056@email.com", "CuStatus": null, "CuUpdate": "2025-01-24", "CuAdd": "Daejeon", "CuNum": "010-6550-2990", "CuType": "Personal"}');
INSERT INTO Customer (Cust_ID, jsonstr) VALUES ('C057', '{"CuName": "윤주원", "CuBday": "1989-11-27", "CuEmail": "c057@email.com", "CuStatus": "2026 Lease Expiry", "CuUpdate": "2025-01-27", "CuAdd": "Incheon", "CuNum": "010-7740-5795", "CuType": "Personal"}');
INSERT INTO Customer (Cust_ID, jsonstr) VALUES ('C058', '{"CuName": "정주원", "CuBday": "1972-09-02", "CuEmail": "c058@email.com", "CuStatus": null, "CuUpdate": "2025-01-31", "CuAdd": "Daejeon", "CuNum": "010-1791-3772", "CuType": "Personal"}');
INSERT INTO Customer (Cust_ID, jsonstr) VALUES ('C059', '{"CuName": "조수현", "CuBday": "1978-08-25", "CuEmail": "c059@email.com", "CuStatus": null, "CuUpdate": "2025-01-31", "CuAdd": "Daejeon", "CuNum": "010-3184-2973", "CuType": "Personal"}');
INSERT INTO Customer (Cust_ID, jsonstr) VALUES ('C060', '{"CuName": "정정우", "CuBday": "1975-04-25", "CuEmail": "c060@email.com", "CuStatus": null, "CuUpdate": "2025-01-31", "CuAdd": "Busan", "CuNum": "010-1420-6691", "CuType": "Personal"}');
INSERT INTO Customer (Cust_ID, jsonstr) VALUES ('C061', '{"CuName": "윤성호", "CuBday": "1988-08-01", "CuEmail": "c061@email.com", "CuStatus": null, "CuUpdate": "2025-01-25", "CuAdd": "Daegu", "CuNum": "010-9223-4812", "CuType": "Personal"}');
INSERT INTO Customer (Cust_ID, jsonstr) VALUES ('C062', '{"CuName": "강지호", "CuBday": "1997-03-27", "CuEmail": "c062@email.com", "CuStatus": null, "CuUpdate": "2025-01-24", "CuAdd": "Daegu", "CuNum": "010-6897-6856", "CuType": "Personal"}');
INSERT INTO Customer (Cust_ID, jsonstr) VALUES ('C063', '{"CuName": "김정우", "CuBday": "1995-02-08", "CuEmail": "c063@email.com", "CuStatus": null, "CuUpdate": "2025-01-26", "CuAdd": "Busan", "CuNum": "010-3650-1651", "CuType": "Personal"}');
INSERT INTO Customer (Cust_ID, jsonstr) VALUES ('C064', '{"CuName": "삼성전자", "CuBday": "1971-08-18", "CuEmail": "c064@email.com", "CuStatus": null, "CuUpdate": "2025-01-20", "CuAdd": "Gwangju", "CuNum": "010-2994-3687", "CuType": "Corporate"}');
INSERT INTO Customer (Cust_ID, jsonstr) VALUES ('C065', '{"CuName": "박하영", "CuBday": "1985-03-16", "CuEmail": "c065@email.com", "CuStatus": null, "CuUpdate": "2025-01-25", "CuAdd": "Busan", "CuNum": "010-8021-9781", "CuType": "Personal"}');
INSERT INTO Customer (Cust_ID, jsonstr) VALUES ('C066', '{"CuName": "조지수", "CuBday": "1994-10-16", "CuEmail": "c066@email.com", "CuStatus": null, "CuUpdate": "2025-01-20", "CuAdd": "Gwangju", "CuNum": "010-9429-5577", "CuType": "Personal"}');
INSERT INTO Customer (Cust_ID, jsonstr) VALUES ('C067', '{"CuName": "김지호", "CuBday": "1985-02-10", "CuEmail": "c067@email.com", "CuStatus": null, "CuUpdate": "2025-01-29", "CuAdd": "Incheon", "CuNum": "010-2146-5784", "CuType": "Personal"}');
INSERT INTO Customer (Cust_ID, jsonstr) VALUES ('C068', '{"CuName": "최지훈", "CuBday": "1993-01-23", "CuEmail": "c068@email.com", "CuStatus": "Finance Plan Active", "CuUpdate": "2025-01-25", "CuAdd": "Gwangju", "CuNum": "010-9615-2682", "CuType": "Personal"}');
INSERT INTO Customer (Cust_ID, jsonstr) VALUES ('C069', '{"CuName": "이지호", "CuBday": "1997-06-16", "CuEmail": "c069@email.com", "CuStatus": "EV Incentive Applied", "CuUpdate": "2025-01-22", "CuAdd": "Incheon", "CuNum": "010-8725-7545", "CuType": "Personal"}');
INSERT INTO Customer (Cust_ID, jsonstr) VALUES ('C070', '{"CuName": "조수민", "CuBday": "1988-12-12", "CuEmail": "c070@email.com", "CuStatus": null, "CuUpdate": "2025-01-25", "CuAdd": "Daejeon", "CuNum": "010-4596-1028", "CuType": "Personal"}');
INSERT INTO Customer (Cust_ID, jsonstr) VALUES ('C071', '{"CuName": "아성다이소", "CuBday": "1995-08-12", "CuEmail": "c071@email.com", "CuStatus": null, "CuUpdate": "2025-01-29", "CuAdd": "Busan", "CuNum": "010-1062-9399", "CuType": "Corporate"}');
INSERT INTO Customer (Cust_ID, jsonstr) VALUES ('C072', '{"CuName": "최지수", "CuBday": "1970-03-16", "CuEmail": "c072@email.com", "CuStatus": null, "CuUpdate": "2025-01-31", "CuAdd": "Daejeon", "CuNum": "010-2842-4408", "CuType": "Personal"}');
INSERT INTO Customer (Cust_ID, jsonstr) VALUES ('C073', '{"CuName": "대한항공", "CuBday": "1979-04-02", "CuEmail": "c073@email.com", "CuStatus": null, "CuUpdate": "2025-01-31", "CuAdd": "Incheon", "CuNum": "010-6068-7353", "CuType": "Corporate"}');
INSERT INTO Customer (Cust_ID, jsonstr) VALUES ('C074', '{"CuName": "이지수", "CuBday": "1986-11-01", "CuEmail": "c074@email.com", "CuStatus": null, "CuUpdate": "2025-01-21", "CuAdd": "Incheon", "CuNum": "010-6987-5480", "CuType": "Personal"}');
INSERT INTO Customer (Cust_ID, jsonstr) VALUES ('C075', '{"CuName": "강진우", "CuBday": "1975-04-16", "CuEmail": "c075@email.com", "CuStatus": null, "CuUpdate": "2025-01-29", "CuAdd": "Daejeon", "CuNum": "010-9533-4733", "CuType": "Personal"}');
INSERT INTO Customer (Cust_ID, jsonstr) VALUES ('C076', '{"CuName": "조주원", "CuBday": "1978-08-25", "CuEmail": "c076@email.com", "CuStatus": "Finance Plan Active", "CuUpdate": "2025-01-26", "CuAdd": "Daejeon", "CuNum": "010-6779-2282", "CuType": "Personal"}');
INSERT INTO Customer (Cust_ID, jsonstr) VALUES ('C077', '{"CuName": "윤민혁", "CuBday": "1977-08-20", "CuEmail": "c077@email.com", "CuStatus": null, "CuUpdate": "2025-01-21", "CuAdd": "Daegu", "CuNum": "010-4271-6868", "CuType": "Personal"}');
INSERT INTO Customer (Cust_ID, jsonstr) VALUES ('C078', '{"CuName": "최서윤", "CuBday": "1976-05-13", "CuEmail": "c078@email.com", "CuStatus": null, "CuUpdate": "2025-01-23", "CuAdd": "Seoul", "CuNum": "010-2821-2014", "CuType": "Personal"}');
INSERT INTO Customer (Cust_ID, jsonstr) VALUES ('C079', '{"CuName": "이윤서", "CuBday": "1977-12-05", "CuEmail": "c079@email.com", "CuStatus": null, "CuUpdate": "2025-01-20", "CuAdd": "Daejeon", "CuNum": "010-8684-8853", "CuType": "Personal"}');
INSERT INTO Customer (Cust_ID, jsonstr) VALUES ('C080', '{"CuName": "조지훈", "CuBday": "1970-04-28", "CuEmail": "c080@email.com", "CuStatus": null, "CuUpdate": "2025-01-22", "CuAdd": "Daegu", "CuNum": "010-3403-3323", "CuType": "Personal"}');
INSERT INTO Customer (Cust_ID, jsonstr) VALUES ('C081', '{"CuName": "김지훈", "CuBday": "1985-08-23", "CuEmail": "c081@email.com", "CuStatus": null, "CuUpdate": "2025-01-28", "CuAdd": "Busan", "CuNum": "010-4570-5604", "CuType": "Personal"}');
INSERT INTO Customer (Cust_ID, jsonstr) VALUES ('C082', '{"CuName": "박하연", "CuBday": "1971-11-09", "CuEmail": "c082@email.com", "CuStatus": "Referral Program", "CuUpdate": "2025-01-20", "CuAdd": "Incheon", "CuNum": "010-2264-9050", "CuType": "Personal"}');
INSERT INTO Customer (Cust_ID, jsonstr) VALUES ('C083', '{"CuName": "조윤서", "CuBday": "1981-03-21", "CuEmail": "c083@email.com", "CuStatus": null, "CuUpdate": "2025-01-27", "CuAdd": "Daejeon", "CuNum": "010-4635-6388", "CuType": "Personal"}');
INSERT INTO Customer (Cust_ID, jsonstr) VALUES ('C084', '{"CuName": "정윤서", "CuBday": "1973-05-25", "CuEmail": "c084@email.com", "CuStatus": null, "CuUpdate": "2025-01-29", "CuAdd": "Incheon", "CuNum": "010-8280-8924", "CuType": "Personal"}');
INSERT INTO Customer (Cust_ID, jsonstr) VALUES ('C085', '{"CuName": "조진우", "CuBday": "1994-07-18", "CuEmail": "c085@email.com", "CuStatus": null, "CuUpdate": "2025-01-23", "CuAdd": "Seoul", "CuNum": "010-2557-6869", "CuType": "Personal"}');
INSERT INTO Customer (Cust_ID, jsonstr) VALUES ('C086', '{"CuName": "김민수", "CuBday": "1999-07-25", "CuEmail": "c086@email.com", "CuStatus": null, "CuUpdate": "2025-01-26", "CuAdd": "Daejeon", "CuNum": "010-7063-9251", "CuType": "Personal"}');
INSERT INTO Customer (Cust_ID, jsonstr) VALUES ('C087', '{"CuName": "강수민", "CuBday": "1979-01-08", "CuEmail": "c087@email.com", "CuStatus": null, "CuUpdate": "2025-01-20", "CuAdd": "Seoul", "CuNum": "010-2686-7553", "CuType": "Personal"}');
INSERT INTO Customer (Cust_ID, jsonstr) VALUES ('C088', '{"CuName": "김하영", "CuBday": "1973-08-25", "CuEmail": "c088@email.com", "CuStatus": null, "CuUpdate": "2025-01-27", "CuAdd": "Daegu", "CuNum": "010-2952-1006", "CuType": "Personal"}');
INSERT INTO Customer (Cust_ID, jsonstr) VALUES ('C089', '{"CuName": "강정우", "CuBday": "1991-10-10", "CuEmail": "c089@email.com", "CuStatus": null, "CuUpdate": "2025-01-29", "CuAdd": "Incheon", "CuNum": "010-3184-8970", "CuType": "Personal"}');
INSERT INTO Customer (Cust_ID, jsonstr) VALUES ('C090', '{"CuName": "정성호", "CuBday": "1990-03-19", "CuEmail": "c090@email.com", "CuStatus": "EV Incentive Applied", "CuUpdate": "2025-01-26", "CuAdd": "Incheon", "CuNum": "010-1756-1832", "CuType": "Personal"}');
INSERT INTO Customer (Cust_ID, jsonstr) VALUES ('C091', '{"CuName": "이민혁", "CuBday": "1998-12-14", "CuEmail": "c091@email.com", "CuStatus": null, "CuUpdate": "2025-01-30", "CuAdd": "Seoul", "CuNum": "010-6094-5616", "CuType": "Personal"}');
INSERT INTO Customer (Cust_ID, jsonstr) VALUES ('C092', '{"CuName": "박서윤", "CuBday": "1970-10-14", "CuEmail": "c092@email.com", "CuStatus": null, "CuUpdate": "2025-01-24", "CuAdd": "Daegu", "CuNum": "010-2598-8784", "CuType": "Personal"}');
INSERT INTO Customer (Cust_ID, jsonstr) VALUES ('C093', '{"CuName": "강윤서", "CuBday": "1996-10-08", "CuEmail": "c093@email.com", "CuStatus": "EV Incentive Applied", "CuUpdate": "2025-01-28", "CuAdd": "Daejeon", "CuNum": "010-1890-6923", "CuType": "Personal"}');
INSERT INTO Customer (Cust_ID, jsonstr) VALUES ('C094', '{"CuName": "강주원", "CuBday": "1982-10-16", "CuEmail": "c094@email.com", "CuStatus": "Corporate Discount", "CuUpdate": "2025-01-31", "CuAdd": "Gwangju", "CuNum": "010-3470-3320", "CuType": "Personal"}');
INSERT INTO Customer (Cust_ID, jsonstr) VALUES ('C095', '{"CuName": "김주원", "CuBday": "1989-06-08", "CuEmail": "c095@email.com", "CuStatus": null, "CuUpdate": "2025-01-22", "CuAdd": "Daegu", "CuNum": "010-9967-4031", "CuType": "Personal"}');
INSERT INTO Customer (Cust_ID, jsonstr) VALUES ('C096', '{"CuName": "조민수", "CuBday": "1991-11-11", "CuEmail": "c096@email.com", "CuStatus": "Preferred Customer", "CuUpdate": "2025-01-20", "CuAdd": "Gwangju", "CuNum": "010-3723-7038", "CuType": "Personal"}');
INSERT INTO Customer (Cust_ID, jsonstr) VALUES ('C097', '{"CuName": "조성호", "CuBday": "1975-11-13", "CuEmail": "c097@email.com", "CuStatus": null, "CuUpdate": "2025-01-23", "CuAdd": "Daegu", "CuNum": "010-8970-7509", "CuType": "Personal"}');
INSERT INTO Customer (Cust_ID, jsonstr) VALUES ('C098', '{"CuName": "박지호", "CuBday": "1989-03-06", "CuEmail": "c098@email.com", "CuStatus": null, "CuUpdate": "2025-01-29", "CuAdd": "Gwangju", "CuNum": "010-6515-2882", "CuType": "Personal"}');
INSERT INTO Customer (Cust_ID, jsonstr) VALUES ('C099', '{"CuName": "윤윤서", "CuBday": "1997-12-11", "CuEmail": "c099@email.com", "CuStatus": null, "CuUpdate": "2025-01-25", "CuAdd": "Busan", "CuNum": "010-7029-1701", "CuType": "Personal"}');
INSERT INTO Customer (Cust_ID, jsonstr) VALUES ('C100', '{"CuName": "최동훈", "CuBday": "1999-12-22", "CuEmail": "c100@email.com", "CuStatus": null, "CuUpdate": "2025-01-25", "CuAdd": "Daegu", "CuNum": "010-5571-6204", "CuType": "Personal"}');
INSERT INTO Customer (Cust_ID, jsonstr) VALUES ('C101', '{"CuName": "정지현", "CuBday": "1977-07-21", "CuEmail": "c101@email.com", "CuStatus": null, "CuUpdate": "2025-01-24", "CuAdd": "Incheon", "CuNum": "010-9141-5812", "CuType": "Personal"}');
INSERT INTO Customer (Cust_ID, jsonstr) VALUES ('C102', '{"CuName": "HYBE", "CuBday": "1985-02-19", "CuEmail": "c102@email.com", "CuStatus": null, "CuUpdate": "2025-01-31", "CuAdd": "Daejeon", "CuNum": "010-5747-3909", "CuType": "Corporate"}');
INSERT INTO Customer (Cust_ID, jsonstr) VALUES ('C103', '{"CuName": "최하연", "CuBday": "1975-12-15", "CuEmail": "c103@email.com", "CuStatus": null, "CuUpdate": "2025-01-30", "CuAdd": "Seoul", "CuNum": "010-2394-8824", "CuType": "Personal"}');
INSERT INTO Customer (Cust_ID, jsonstr) VALUES ('C104', '{"CuName": "이우진", "CuBday": "1986-01-07", "CuEmail": "c104@email.com", "CuStatus": null, "CuUpdate": "2025-01-30", "CuAdd": "Busan", "CuNum": "010-3785-7657", "CuType": "Personal"}');
INSERT INTO Customer (Cust_ID, jsonstr) VALUES ('C105', '{"CuName": "강지수", "CuBday": "1975-01-07", "CuEmail": "c105@email.com", "CuStatus": null, "CuUpdate": "2025-01-25", "CuAdd": "Busan", "CuNum": "010-5241-3455", "CuType": "Personal"}');
INSERT INTO Customer (Cust_ID, jsonstr) VALUES ('C106', '{"CuName": "윤진우", "CuBday": "1974-03-21", "CuEmail": "c106@email.com", "CuStatus": null, "CuUpdate": "2025-01-25", "CuAdd": "Busan", "CuNum": "010-3102-4267", "CuType": "Personal"}');
INSERT INTO Customer (Cust_ID, jsonstr) VALUES ('C107', '{"CuName": "강지훈", "CuBday": "1972-08-04", "CuEmail": "c107@email.com", "CuStatus": null, "CuUpdate": "2025-01-24", "CuAdd": "Gwangju", "CuNum": "010-5829-2743", "CuType": "Personal"}');
INSERT INTO Customer (Cust_ID, jsonstr) VALUES ('C108', '{"CuName": "최현지", "CuBday": "1977-11-13", "CuEmail": "c108@email.com", "CuStatus": null, "CuUpdate": "2025-01-30", "CuAdd": "Gwangju", "CuNum": "010-5976-6706", "CuType": "Personal"}');
INSERT INTO Customer (Cust_ID, jsonstr) VALUES ('C109', '{"CuName": "최진우", "CuBday": "1974-03-25", "CuEmail": "c109@email.com", "CuStatus": null, "CuUpdate": "2025-01-20", "CuAdd": "Busan", "CuNum": "010-8770-2957", "CuType": "Personal"}');
INSERT INTO Customer (Cust_ID, jsonstr) VALUES ('C110', '{"CuName": "김윤서", "CuBday": "1994-07-10", "CuEmail": "c110@email.com", "CuStatus": null, "CuUpdate": "2025-01-27", "CuAdd": "Seoul", "CuNum": "010-5688-1965", "CuType": "Personal"}');



//Complain
INSERT INTO Complain (Complain_ID, jsonstr) VALUES ('C001', '{"Complain_Date": "2024-01-10", "Comment": "차량 옵션에 대한 문의", "Complain_Type": "구매 문의"}');
INSERT INTO Complain (Complain_ID, jsonstr) VALUES ('C002', '{"Complain_Date": "2023-12-15", "Comment": "재고 여부와 가격 문의", "Complain_Type": "구매 문의"}');
INSERT INTO Complain (Complain_ID, jsonstr) VALUES ('C003', '{"Complain_Date": "2024-02-05", "Comment": "할부 프로그램 관련 문의", "Complain_Type": "구매 문의"}');
INSERT INTO Complain (Complain_ID, jsonstr) VALUES ('C004', '{"Complain_Date": "2024-01-30", "Comment": "시승 예약 관련 문의", "Complain_Type": "구매 문의"}');
INSERT INTO Complain (Complain_ID, jsonstr) VALUES ('C005', '{"Complain_Date": "2024-02-20", "Comment": "구매 시 혜택 및 할인 여부", "Complain_Type": "구매 문의"}');

INSERT INTO Complain (Complain_ID, jsonstr) VALUES ('C006', '{"Complain_Date": "2023-09-10", "Comment": "엔진 경고등 점등 문제", "Complain_Type": "정비 문의"}');
INSERT INTO Complain (Complain_ID, jsonstr) VALUES ('C007', '{"Complain_Date": "2023-08-01", "Comment": "브레이크에서 소음 발생", "Complain_Type": "정비 문의"}');
INSERT INTO Complain (Complain_ID, jsonstr) VALUES ('C008', '{"Complain_Date": "2023-07-15", "Comment": "에어컨이 정상 작동하지 않음", "Complain_Type": "정비 문의"}');
INSERT INTO Complain (Complain_ID, jsonstr) VALUES ('C009', '{"Complain_Date": "2023-06-05", "Comment": "오토홀드 기능이 작동하지 않음", "Complain_Type": "정비 문의"}');
INSERT INTO Complain (Complain_ID, jsonstr) VALUES ('C010', '{"Complain_Date": "2023-05-25", "Comment": "차량 내장재에서 소음 발생", "Complain_Type": "정비 문의"}');

INSERT INTO Complain (Complain_ID, jsonstr) VALUES ('C031', '{"Complain_Date": "2024-02-10", "Comment": "전기차 충전소 지원 관련 문의", "Complain_Type": "구매 문의"}');
INSERT INTO Complain (Complain_ID, jsonstr) VALUES ('C032', '{"Complain_Date": "2024-02-05", "Comment": "특정 모델의 출고 대기 기간 문의", "Complain_Type": "구매 문의"}');
INSERT INTO Complain (Complain_ID, jsonstr) VALUES ('C033', '{"Complain_Date": "2024-01-30", "Comment": "차량 유지보수 비용 관련 문의", "Complain_Type": "구매 문의"}');
INSERT INTO Complain (Complain_ID, jsonstr) VALUES ('C034', '{"Complain_Date": "2024-01-25", "Comment": "법인 구매 시 할인 여부", "Complain_Type": "구매 문의"}');
INSERT INTO Complain (Complain_ID, jsonstr) VALUES ('C035', '{"Complain_Date": "2024-01-20", "Comment": "차량 보험 및 금융 프로그램 문의", "Complain_Type": "구매 문의"}');
INSERT INTO Complain (Complain_ID, jsonstr) VALUES ('C036', '{"Complain_Date": "2024-01-15", "Comment": "트레이드 인(중고차 보상) 관련 문의", "Complain_Type": "구매 문의"}');
INSERT INTO Complain (Complain_ID, jsonstr) VALUES ('C037', '{"Complain_Date": "2024-01-10", "Comment": "하이브리드 모델과 전기차 비교 문의", "Complain_Type": "구매 문의"}');
INSERT INTO Complain (Complain_ID, jsonstr) VALUES ('C038', '{"Complain_Date": "2024-01-05", "Comment": "신차 프로모션 및 할인율 문의", "Complain_Type": "구매 문의"}');
INSERT INTO Complain (Complain_ID, jsonstr) VALUES ('C039', '{"Complain_Date": "2023-12-30", "Comment": "특정 색상 및 내부 옵션 변경 가능 여부", "Complain_Type": "구매 문의"}');
INSERT INTO Complain (Complain_ID, jsonstr) VALUES ('C040', '{"Complain_Date": "2023-12-25", "Comment": "구매 절차 및 대출 신청 방법 문의", "Complain_Type": "구매 문의"}');



//Branch
INSERT INTO Branch VALUES ('B01', 'Gangnam');
INSERT INTO Branch VALUES ('B02', 'Yongsan');
INSERT INTO Branch VALUES ('B03', 'Gangseo');
